Workbook

Sheet Лист1
A1: Дата | B1: Территория | C1: Товарооборот, шт | D1: Товарооборот, руб | E1: Количество складов | F1: Количество заказов | G1: Количество клиентов | H1: Товарооборот на склад | I1: Неделя
A2: 43982 | B2: Самара | C2: 7944 | D2: 623971.5 | E2: =SUMIFS('Лист2'!C:C, 'Лист2'!A:A, A2, 'Лист2'!B:B, B2) -> 15 | F2: =SUMIFS('Лист2'!D:D, 'Лист2'!A:A, A2, 'Лист2'!B:B, B2) -> 441 | G2: =SUMIFS('Лист2'!E:E, 'Лист2'!A:A, A2, 'Лист2'!B:B, B2) -> 368 | H2: =D2/E2 -> 41598.1 | I2: =WEEKNUM(A2,2) -> 22
A3: 43981 | B3: Самара | C3: 10029 | D3: 787101 | E3: =SUMIFS('Лист2'!C:C, 'Лист2'!A:A, A3, 'Лист2'!B:B, B3) -> 15 | F3: =SUMIFS('Лист2'!D:D, 'Лист2'!A:A, A3, 'Лист2'!B:B, B3) -> 490 | G3: =SUMIFS('Лист2'!E:E, 'Лист2'!A:A, A3, 'Лист2'!B:B, B3) -> 409 | H3: =D3/E3 -> 52473.4 | I3: =WEEKNUM(A3,2) -> 22
A4: 43979 | B4: Самара | C4: 8536.5 | D4: 643944 | E4: =SUMIFS('Лист2'!C:C, 'Лист2'!A:A, A4, 'Лист2'!B:B, B4) -> 15 | F4: =SUMIFS('Лист2'!D:D, 'Лист2'!A:A, A4, 'Лист2'!B:B, B4) -> 464 | G4: =SUMIFS('Лист2'!E:E, 'Лист2'!A:A, A4, 'Лист2'!B:B, B4) -> 390 | H4: =D4/E4 -> 42929.6 | I4: =WEEKNUM(A4,2) -> 22
A5: 43967 | B5: Кемерово | C5: 38947.5 | D5: 3395892 | E5: =SUMIFS('Лист2'!C:C, 'Лист2'!A:A, A5, 'Лист2'!B:B, B5) -> 21 | F5: =SUMIFS('Лист2'!D:D, 'Лист2'!A:A, A5, 'Лист2'!B:B, B5) -> 2145 | G5: =SUMIFS('Лист2'!E:E, 'Лист2'!A:A, A5, 'Лист2'!B:B, B5) -> 1947 | H5: =D5/E5 -> 161709.14 | I5: =WEEKNUM(A5,2) -> 20
A6: 43970 | B6: Кемерово | C6: 31842 | D6: 2771116.5 | E6: =SUMIFS('Лист2'!C:C, 'Лист2'!A:A, A6, 'Лист2'!B:B, B6) -> 21 | F6: =SUMIFS('Лист2'!D:D, 'Лист2'!A:A, A6, 'Лист2'!B:B, B6) -> 1860 | G6: =SUMIFS('Лист2'!E:E, 'Лист2'!A:A, A6, 'Лист2'!B:B, B6) -> 1704 | H6: =D6/E6 -> 131957.93 | I6: =WEEKNUM(A6,2) -> 21
A7: 43968 | B7: Кемерово | C7: 32023.5 | D7: 2882458.5 | E7: =SUMIFS('Лист2'!C:C, 'Лист2'!A:A, A7, 'Лист2'!B:B, B7) -> 21 | F7: =SUMIFS('Лист2'!D:D, 'Лист2'!A:A, A7, 'Лист2'!B:B, B7) -> 1874 | G7: =SUMIFS('Лист2'!E:E, 'Лист2'!A:A, A7, 'Лист2'!B:B, B7) -> 1705 | H7: =D7/E7 -> 137259.93 | I7: =WEEKNUM(A7,2) -> 20
A8: 43960 | B8: Кемерово | C8: 31147.5 | D8: 2831019 | E8: =SUMIFS('Лист2'!C:C, 'Лист2'!A:A, A8, 'Лист2'!B:B, B8) -> 21 | F8: =SUMIFS('Лист2'!D:D, 'Лист2'!A:A, A8, 'Лист2'!B:B, B8) -> 1735 | G8: =SUMIFS('Лист2'!E:E, 'Лист2'!A:A, A8, 'Лист2'!B:B, B8) -> 1568 | H8: =D8/E8 -> 134810.43 | I8: =WEEKNUM(A8,2) -> 19
A9: 43955 | B9: Кемерово | C9: 25566 | D9: 2372310 | E9: =SUMIFS('Лист2'!C:C, 'Лист2'!A:A, A9, 'Лист2'!B:B, B9) -> 20 | F9: =SUMIFS('Лист2'!D:D, 'Лист2'!A:A, A9, 'Лист2'!B:B, B9) -> 1519 | G9: =SUMIFS('Лист2'!E:E, 'Лист2'!A:A, A9, 'Лист2'!B:B, B9) -> 1372 | H9: =D9/E9 -> 118615.5 | I9: =WEEKNUM(A9,2) -> 19
A10: 43950 | B10: Кемерово | C10: 29319 | D10: 2623480.5 | E10: =SUMIFS('Лист2'!C:C, 'Лист2'!A:A, A10, 'Лист2'!B:B, B10) -> 18 | F10: =SUMIFS('Лист2'!D:D, 'Лист2'!A:A, A10, 'Лист2'!B:B, B10) -> 1684 | G10: =SUMIFS('Лист2'!E:E, 'Лист2'!A:A, A10, 'Лист2'!B:B, B10) -> 1528 | H10: =D10/E10 -> 145748.92 | I10: =WEEKNUM(A10,2) -> 18
A11: 43953 | B11: Кемерово | C11: 29031 | D11: 2711247 | E11: =SUMIFS('Лист2'!C:C, 'Лист2'!A:A, A11, 'Лист2'!B:B, B11) -> 18 | F11: =SUMIFS('Лист2'!D:D, 'Лист2'!A:A, A11, 'Лист2'!B:B, B11) -> 1708 | G11: =SUMIFS('Лист2'!E:E, 'Лист2'!A:A, A11, 'Лист2'!B:B, B11) -> 1534 | H11: =D11/E11 -> 150624.83 | I11: =WEEKNUM(A11,2) -> 18
A12: 43977 | B12: Кемерово | C12: 33423 | D12: 2970330 | E12: =SUMIFS('Лист2'!C:C, 'Лист2'!A:A, A12, 'Лист2'!B:B, B12) -> 20 | F12: =SUMIFS('Лист2'!D:D, 'Лист2'!A:A, A12, 'Лист2'!B:B, B12) -> 2044 | G12: =SUMIFS('Лист2'!E:E, 'Лист2'!A:A, A12, 'Лист2'!B:B, B12) -> 1863 | H12: =D12/E12 -> 148516.5 | I12: =WEEKNUM(A12,2) -> 22
A13: 43952 | B13: Кемерово | C13: 32487 | D13: 3031254 | E13: =SUMIFS('Лист2'!C:C, 'Лист2'!A:A, A13, 'Лист2'!B:B, B13) -> 18 | F13: =SUMIFS('Лист2'!D:D, 'Лист2'!A:A, A13, 'Лист2'!B:B, B13) -> 1826 | G13: =SUMIFS('Лист2'!E:E, 'Лист2'!A:A, A13, 'Лист2'!B:B, B13) -> 1633 | H13: =D13/E13 -> 168403 | I13: =WEEKNUM(A13,2) -> 18
... A505: 43983 | B505: Новосибирск | C505: 14238 | D505: 1293219 | E505: =SUMIFS('Лист2'!C:C, 'Лист2'!A:A, A505, 'Лист2'!B:B, B505) -> 18 | F505: =SUMIFS('Лист2'!D:D, 'Лист2'!A:A, A505, 'Лист2'!B:B, B505) -> 923 | G505: =SUMIFS('Лист2'!E:E, 'Лист2'!A:A, A505, 'Лист2'!B:B, B505) -> 824 | H505: =D505/E505 -> 71845.5 | I505: =WEEKNUM(A505,2) -> 23

Sheet Pivot Table 4

Sheet Лист2
A1: Дата | B1: Территория | C1: Количество складов | D1: Количество заказов | E1: Количество клиентов
A2: 43949 | B2: Волгоград | C2: 36 | D2: 4923 | E2: 4560
A3: 43949 | B3: Екатеринбург | C3: 31 | D3: 5465 | E3: 5096
A4: 43949 | B4: Казань | C4: 19 | D4: 1846 | E4: 1681
A5: 43949 | B5: Кемерово | C5: 18 | D5: 1539 | E5: 1404
A6: 43949 | B6: Краснодар | C6: 18 | D6: 1505 | E6: 1368
A7: 43949 | B7: Москва Восток | C7: 54 | D7: 12306 | E7: 11532
A8: 43949 | B8: Москва Запад | C8: 59 | D8: 12943 | E8: 12072
A9: 43949 | B9: Нижний Новгород | C9: 17 | D9: 1439 | E9: 1265
A10: 43949 | B10: Новосибирск | C10: 15 | D10: 636 | E10: 547
A11: 43949 | B11: Пермь | C11: 15 | D11: 780 | E11: 690
A12: 43949 | B12: Санкт-Петербург Север | C12: 125 | D12: 20914 | E12: 19479
A13: 43949 | B13: Санкт-Петербург Юг | C13: 128 | D13: 16450 | E13: 15320
... A505: 43983 | B505: Уфа | C505: 6 | D505: 237 | E505: 175
